,Model,STRICT_F1,EXACT_F1,PARTIAL,ENT_TYPE
0,sm,0.774082961947206,0.8625299965718204,0.8916695234830305,0.7953376756942063
1,md,0.8030810448760884,0.8653717347622237,0.8928332217012727,0.8211654387139987
2,lg,0.8224236320913059,0.8781470292044311,0.9013091641490434,0.8398791540785498
