{"da_dacy_small_trf": {"ents_p": 0.5279605263157895, "ents_r": 0.4969040247678019, "ents_f": 0.5119617224880383, "ents_per_type": {"PERSON": {"p": 0.5221674876847291, "r": 0.5549738219895288, "f": 0.5380710659898477}, "LOCATION": {"p": 0.6386138613861386, "r": 0.6262135922330098, "f": 0.6323529411764707}, "ORGANIZATION": {"p": 0.4236453201970443, "r": 0.3453815261044177, "f": 0.3805309734513274}}}, "da_dacy_medium_trf": {"ents_p": 0.6116642958748222, "ents_r": 0.6656346749226006, "ents_f": 0.637509266123054, "ents_per_type": {"PERSON": {"p": 0.6233183856502242, "r": 0.7277486910994765, "f": 0.6714975845410628}, "LOCATION": {"p": 0.7094017094017094, "r": 0.8058252427184466, "f": 0.7545454545454546}, "ORGANIZATION": {"p": 0.508130081300813, "r": 0.5020080321285141, "f": 0.505050505050505}}}, "da_core_news_sm": {"ents_p": 0.34307692307692306, "ents_r": 0.34520123839009287, "ents_f": 0.3441358024691358, "ents_per_type": {"PERSON": {"p": 0.3114754098360656, "r": 0.39790575916230364, "f": 0.34942528735632183}, "LOCATION": {"p": 0.46445497630331756, "r": 0.47572815533980584, "f": 0.47002398081534774}, "ORGANIZATION": {"p": 0.2512820512820513, "r": 0.19678714859437751, "f": 0.22072072072072071}}}, "da_core_news_md": {"ents_p": 0.529505582137161, "ents_r": 0.5139318885448917, "ents_f": 0.5216025137470541, "ents_per_type": {"PERSON": {"p": 0.6, "r": 0.5968586387434555, "f": 0.5984251968503937}, "ORGANIZATION": {"p": 0.3487394957983193, "r": 0.3333333333333333, "f": 0.34086242299794656}, "LOCATION": {"p": 0.678391959798995, "r": 0.6553398058252428, "f": 0.6666666666666667}}}, "da_core_news_lg": {"ents_p": 0.5689655172413793, "ents_r": 0.5108359133126935, "ents_f": 0.5383360522022839, "ents_per_type": {"PERSON": {"p": 0.5588235294117647, "r": 0.5968586387434555, "f": 0.5772151898734178}, "LOCATION": {"p": 0.6989247311827957, "r": 0.6310679611650486, "f": 0.663265306122449}, "ORGANIZATION": {"p": 0.45263157894736844, "r": 0.3453815261044177, "f": 0.39179954441913445}}}, "da_dacy_small_ner_fine_grained": {"ents_p": 0.0, "ents_r": 0.0, "ents_f": 0.0, "ents_per_type": {"PERSON": {"p": 0.0, "r": 0.0, "f": 0.0}, "LOCATION": {"p": 0.0, "r": 0.0, "f": 0.0}, "ORGANIZATION": {"p": 0.0, "r": 0.0, "f": 0.0}}}}