Model,F1,Recall,Precision
da_dacy_large_ner_fine_grained,0.8232189973614776,0.8336673346693386,0.8130293159609121
da_dacy_medium_ner_fine_grained,0.8055281342546889,0.8176352705410822,0.7937743190661478
da_dacy_small_ner_fine_grained,0.7756474941136898,0.7702070808283233,0.7811653116531165
